candidate,score_space,calibration,policy,threshold,unit_recall,false_warning_rate,unit_precision,median_first_alert_station_index,detected_before_final_inspection,positive_units,negative_units,alerted_positive_units,alerted_negative_units,selected_for_candidate,selected_final
natural,raw_probability,none,raw,0.13426717493141607,0.8447488584474886,0.03942781584325039,0.36062378167641324,15.0,0.8447488584474886,219,8319,185,328,False,False
natural,raw_probability,none,ema_0.3,0.07881494489439399,0.8447488584474886,0.04519774011299435,0.32976827094474154,16.0,0.8447488584474886,219,8319,185,376,False,False
natural,raw_probability,none,ema_0.5,0.10656879324442287,0.8447488584474886,0.03654285370837841,0.3783231083844581,16.0,0.8447488584474886,219,8319,185,304,False,False
natural,raw_probability,none,ema_0.7,0.12379284977741857,0.8447488584474886,0.03510037264094242,0.38784067085953877,15.0,0.8447488584474886,219,8319,185,292,False,False
natural,raw_probability,none,two_consecutive,0.12494215506938067,0.8447488584474886,0.03053251592739512,0.4214123006833713,16.0,0.8447488584474886,219,8319,185,254,False,False
natural,raw_probability,none,two_of_three,0.12885994787940522,0.8447488584474886,0.030051688904916458,0.42528735632183906,16.0,0.8447488584474886,219,8319,185,250,True,False
bagging_4p5pct_x5,raw_probability,none,raw,0.22111335890424458,0.8447488584474886,0.04050967664382738,0.3544061302681992,15.0,0.8447488584474886,219,8319,185,337,False,False
bagging_4p5pct_x5,raw_probability,none,ema_0.3,0.13730809883132722,0.8493150684931506,0.04363505228993869,0.33879781420765026,16.0,0.8493150684931506,219,8319,186,363,False,False
bagging_4p5pct_x5,raw_probability,none,ema_0.5,0.15169700832618105,0.8493150684931506,0.04652001442481067,0.32460732984293195,15.0,0.8493150684931506,219,8319,186,387,False,False
bagging_4p5pct_x5,raw_probability,none,ema_0.7,0.16047052518826863,0.8493150684931506,0.04964539007092199,0.3105175292153589,15.0,0.8493150684931506,219,8319,186,413,False,False
bagging_4p5pct_x5,raw_probability,none,two_consecutive,0.151859818292911,0.8493150684931506,0.04856352927034499,0.3152542372881356,16.0,0.8493150684931506,219,8319,186,404,False,False
bagging_4p5pct_x5,raw_probability,none,two_of_three,0.16607617226675897,0.8493150684931506,0.04243298473374204,0.3450834879406308,16.0,0.8493150684931506,219,8319,186,353,True,False
bagging_4p5pct_x7,raw_probability,none,raw,0.2437925637122751,0.8447488584474886,0.03594181993028008,0.3822314049586777,15.0,0.8447488584474886,219,8319,185,299,False,False
bagging_4p5pct_x7,raw_probability,none,ema_0.3,0.1376649962925665,0.8493150684931506,0.04387546580117803,0.33756805807622503,16.0,0.8493150684931506,219,8319,186,365,True,False
bagging_4p5pct_x7,raw_probability,none,ema_0.5,0.15375566208691252,0.8493150684931506,0.04483711984613535,0.33273703041144903,15.0,0.8493150684931506,219,8319,186,373,False,False
bagging_4p5pct_x7,raw_probability,none,ema_0.7,0.22341764780418893,0.8447488584474886,0.03185479023921144,0.4111111111111111,15.0,0.8447488584474886,219,8319,185,265,False,False
bagging_4p5pct_x7,raw_probability,none,two_consecutive,0.19022720295803724,0.8447488584474886,0.035220579396562084,0.38702928870292885,16.0,0.8447488584474886,219,8319,185,293,False,False
bagging_4p5pct_x7,raw_probability,none,two_of_three,0.15622365266791188,0.8493150684931506,0.04591898064671235,0.3274647887323944,16.0,0.8493150684931506,219,8319,186,382,False,False
bagging_5p0pct_x5,raw_probability,none,raw,0.2154867703185923,0.8493150684931506,0.04700084144728934,0.3223570190641248,15.0,0.8493150684931506,219,8319,186,391,True,False
bagging_5p0pct_x5,raw_probability,none,ema_0.3,0.17610638639618892,0.8401826484018264,0.03353768481788676,0.39740820734341253,16.0,0.8401826484018264,219,8319,184,279,False,False
bagging_5p0pct_x5,raw_probability,none,ema_0.5,0.1567115603563401,0.8447488584474886,0.04988580358216132,0.30833333333333335,15.0,0.8447488584474886,219,8319,185,415,False,False
bagging_5p0pct_x5,raw_probability,none,ema_0.7,0.17960784693353,0.8493150684931506,0.04868373602596466,0.3147208121827411,15.0,0.8493150684931506,219,8319,186,405,False,False
bagging_5p0pct_x5,raw_probability,none,two_consecutive,0.18350360231336474,0.8447488584474886,0.04207236446688304,0.34579439252336447,16.0,0.8447488584474886,219,8319,185,350,False,False
bagging_5p0pct_x5,raw_probability,none,two_of_three,0.18350360231336474,0.8447488584474886,0.04279360500060103,0.3419593345656192,16.0,0.8447488584474886,219,8319,185,356,False,False
bagging_5p0pct_x7,raw_probability,none,raw,0.224836305124223,0.8493150684931506,0.04459670633489602,0.3339317773788151,15.0,0.8493150684931506,219,8319,186,371,True,False
bagging_5p0pct_x7,raw_probability,none,ema_0.3,0.1749779918903448,0.8401826484018264,0.03461954561846376,0.3898305084745763,16.0,0.8401826484018264,219,8319,184,288,False,False
bagging_5p0pct_x7,raw_probability,none,ema_0.5,0.16411017199751324,0.8447488584474886,0.048202909003486,0.31569965870307165,15.0,0.8447488584474886,219,8319,185,401,False,False
bagging_5p0pct_x7,raw_probability,none,ema_0.7,0.18834282745081968,0.8493150684931506,0.04567856713547301,0.3286219081272085,15.0,0.8493150684931506,219,8319,186,380,False,False
bagging_5p0pct_x7,raw_probability,none,two_consecutive,0.19239900202876625,0.8447488584474886,0.03930760908763072,0.361328125,16.0,0.8447488584474886,219,8319,185,327,False,False
bagging_5p0pct_x7,raw_probability,none,two_of_three,0.19239900202876625,0.8447488584474886,0.03978843611010939,0.35852713178294576,16.0,0.8447488584474886,219,8319,185,331,False,False
bagging_5p5pct_x5,raw_probability,none,raw,0.23894018138835552,0.8538812785388128,0.04796249549224666,0.3191126279863481,15.0,0.8538812785388128,219,8319,187,399,True,False
bagging_5p5pct_x5,raw_probability,none,ema_0.3,0.155535844207724,0.8447488584474886,0.04856352927034499,0.3140916808149406,16.0,0.8447488584474886,219,8319,185,404,False,False
bagging_5p5pct_x5,raw_probability,none,ema_0.5,0.18924738039406738,0.8447488584474886,0.04567856713547301,0.3274336283185841,15.0,0.8447488584474886,219,8319,185,380,False,False
bagging_5p5pct_x5,raw_probability,none,ema_0.7,0.19772236617633665,0.8493150684931506,0.04964539007092199,0.3105175292153589,15.0,0.8493150684931506,219,8319,186,413,False,False
bagging_5p5pct_x5,raw_probability,none,two_consecutive,0.216990700305118,0.8447488584474886,0.03918740233201106,0.36203522504892366,16.0,0.8447488584474886,219,8319,185,326,False,False
bagging_5p5pct_x5,raw_probability,none,two_of_three,0.216990700305118,0.8447488584474886,0.03954802259887006,0.35992217898832685,16.0,0.8447488584474886,219,8319,185,329,False,False
bagging_5p5pct_x7,raw_probability,none,raw,0.2354138190715425,0.8493150684931506,0.048202909003486,0.31686541737649065,15.0,0.8493150684931506,219,8319,186,401,True,False
bagging_5p5pct_x7,raw_probability,none,ema_0.3,0.17532357264648277,0.8401826484018264,0.04014905637696838,0.3552123552123552,16.0,0.8401826484018264,219,8319,184,334,False,False
bagging_5p5pct_x7,raw_probability,none,ema_0.5,0.19034494247730602,0.8447488584474886,0.04483711984613535,0.33154121863799285,15.0,0.8447488584474886,219,8319,185,373,False,False
bagging_5p5pct_x7,raw_probability,none,ema_0.7,0.21814379453110072,0.8447488584474886,0.04243298473374204,0.34386617100371747,15.0,0.8447488584474886,219,8319,185,353,False,False
bagging_5p5pct_x7,raw_probability,none,two_consecutive,0.21946522763735912,0.8447488584474886,0.03846616179829306,0.36633663366336633,16.0,0.8447488584474886,219,8319,185,320,False,False
bagging_5p5pct_x7,raw_probability,none,two_of_three,0.21946522763735912,0.8447488584474886,0.03858636855391273,0.36561264822134387,16.0,0.8447488584474886,219,8319,185,321,False,False
hard_negative_top10_bagging_5p0pct_x5,raw_probability,none,raw,0.18726353202542514,0.8356164383561644,0.03413871859598509,0.39186295503211993,15.0,0.8356164383561644,219,8319,183,284,False,False
hard_negative_top10_bagging_5p0pct_x5,raw_probability,none,ema_0.3,0.12037922486489627,0.8401826484018264,0.03558119966342108,0.38333333333333336,16.0,0.8401826484018264,219,8319,184,296,True,False
hard_negative_top10_bagging_5p0pct_x5,raw_probability,none,ema_0.5,0.13457317389647833,0.8401826484018264,0.03642264695275874,0.37782340862423,15.0,0.8401826484018264,219,8319,184,303,False,False
hard_negative_top10_bagging_5p0pct_x5,raw_probability,none,ema_0.7,0.13860301599343916,0.8401826484018264,0.04087029691068638,0.3511450381679389,15.0,0.8401826484018264,219,8319,184,340,False,False
hard_negative_top10_bagging_5p0pct_x5,raw_probability,none,two_consecutive,0.13821948325365413,0.8401826484018264,0.03558119966342108,0.38333333333333336,16.0,0.8401826484018264,219,8319,184,296,False,False
hard_negative_top10_bagging_5p0pct_x5,raw_probability,none,two_of_three,0.13821948325365413,0.8401826484018264,0.03558119966342108,0.38333333333333336,16.0,0.8401826484018264,219,8319,184,296,False,False
hard_positive_w1p5_natural,raw_probability,none,raw,0.12413992942336502,0.8493150684931506,0.04724125495852867,0.32124352331606215,15.0,0.8493150684931506,219,8319,186,393,False,False
hard_positive_w1p5_natural,raw_probability,none,ema_0.3,0.09092726276647903,0.8493150684931506,0.04111071042192571,0.3522727272727273,16.0,0.8493150684931506,219,8319,186,342,True,False
hard_positive_w1p5_natural,raw_probability,none,ema_0.5,0.09971364540833007,0.8493150684931506,0.04435629282365669,0.33513513513513515,15.0,0.8493150684931506,219,8319,186,369,False,False
hard_positive_w1p5_natural,raw_probability,none,ema_0.7,0.1109553206159639,0.8447488584474886,0.04411587931241736,0.3351449275362319,15.0,0.8447488584474886,219,8319,185,367,False,False
hard_positive_w1p5_natural,raw_probability,none,two_consecutive,0.09608294714377047,0.8493150684931506,0.048202909003486,0.31686541737649065,16.0,0.8493150684931506,219,8319,186,401,False,False
hard_positive_w1p5_natural,raw_probability,none,two_of_three,0.09868488206720476,0.8493150684931506,0.04555836037985335,0.3292035398230089,16.0,0.8493150684931506,219,8319,186,379,False,False
hard_positive_w2p0_natural,raw_probability,none,raw,0.1421320160758933,0.863013698630137,0.04411587931241736,0.33992805755395683,15.0,0.863013698630137,219,8319,189,367,True,True
hard_positive_w2p0_natural,raw_probability,none,ema_0.3,0.10623943846285805,0.8584474885844748,0.03930760908763072,0.3650485436893204,16.0,0.8584474885844748,219,8319,188,327,False,False
hard_positive_w2p0_natural,raw_probability,none,ema_0.5,0.12244354003212331,0.8584474885844748,0.03930760908763072,0.3650485436893204,16.0,0.8584474885844748,219,8319,188,327,False,False
hard_positive_w2p0_natural,raw_probability,none,ema_0.7,0.13338882628971163,0.8584474885844748,0.03978843611010939,0.3622350674373796,15.0,0.8584474885844748,219,8319,188,331,False,False
hard_positive_w2p0_natural,raw_probability,none,two_consecutive,0.10664163713022298,0.863013698630137,0.04868373602596466,0.3181818181818182,16.0,0.863013698630137,219,8319,189,405,False,False
hard_positive_w2p0_natural,raw_probability,none,two_of_three,0.10664163713022298,0.863013698630137,0.04952518331530232,0.3144758735440932,16.0,0.863013698630137,219,8319,189,412,False,False
stage_specialized_natural,raw_probability,none,raw,0.15710865634230184,0.8447488584474886,0.0383459550426734,0.36706349206349204,15.0,0.8447488584474886,219,8319,185,319,False,False
stage_specialized_natural,raw_probability,none,ema_0.3,0.07961619920067452,0.8493150684931506,0.04952518331530232,0.3110367892976589,15.0,0.8493150684931506,219,8319,186,412,True,False
stage_specialized_natural,raw_probability,none,ema_0.5,0.1203216734994175,0.8447488584474886,0.0376247145089554,0.3714859437751004,15.0,0.8447488584474886,219,8319,185,313,False,False
stage_specialized_natural,raw_probability,none,ema_0.7,0.1481725229969606,0.8447488584474886,0.03365789157350643,0.3978494623655914,15.0,0.8447488584474886,219,8319,185,280,False,False
stage_specialized_natural,raw_probability,none,two_consecutive,0.10422638540353525,0.8401826484018264,0.04543815362423368,0.3274021352313167,16.0,0.8401826484018264,219,8319,184,378,False,False
stage_specialized_natural,raw_probability,none,two_of_three,0.09853176184907773,0.8447488584474886,0.04880394278158433,0.3130287648054145,16.0,0.8447488584474886,219,8319,185,406,False,False
