candidate,family,fold,train_runs,validation_runs,models_in_candidate,effective_training_unit_positive_rate_mean,hard_negative_units,hard_positive_units,heldout_rows,heldout_units,heldout_row_positive_rate,pr_auc,roc_auc,brier,log_loss,ece15,mean_predicted_probability,actual_positive_rate
natural,baseline,1,train_001_baseline_2p0pct|train_002_intermittent_3p5pct|train_003_intermittent_late_4p5pct|train_006_multi_hard_6p5pct|train_008_baseline_7p2pct|train_009_intermittent_7p5pct|train_010_intermittent_late_7p8pct|train_011_accelerating_8p0pct|train_012_accelerating_hard_8p2pct|train_013_multi_hard_8p5pct|train_014_multi_hard_2_8p8pct|train_015_baseline_9p0pct|train_016_intermittent_9p5pct|train_018_accelerating_10p5pct|train_019_accelerating_hard_12p0pct|train_020_multi_hard_15p0pct,train_004_accelerating_5p5pct|train_005_accelerating_hard_6p0pct|train_007_multi_hard_2_7p0pct|train_017_intermittent_late_10p0pct,1,0.02532572097789489,0,0,51210,1707,0.026947861745752782,0.2978666339250558,0.7647437664872159,0.02117679216830637,0.09794401361621441,0.0026763091417441294,0.026119500187512672,0.026947861745752782
natural,baseline,2,train_001_baseline_2p0pct|train_002_intermittent_3p5pct|train_004_accelerating_5p5pct|train_005_accelerating_hard_6p0pct|train_006_multi_hard_6p5pct|train_007_multi_hard_2_7p0pct|train_009_intermittent_7p5pct|train_010_intermittent_late_7p8pct|train_011_accelerating_8p0pct|train_012_accelerating_hard_8p2pct|train_014_multi_hard_2_8p8pct|train_016_intermittent_9p5pct|train_017_intermittent_late_10p0pct|train_018_accelerating_10p5pct|train_019_accelerating_hard_12p0pct|train_020_multi_hard_15p0pct,train_003_intermittent_late_4p5pct|train_008_baseline_7p2pct|train_013_multi_hard_8p5pct|train_015_baseline_9p0pct,1,0.02680140597539543,0,0,51300,1710,0.021052631578947368,0.25199301386852385,0.7622160917887222,0.017771000537779903,0.08354659319621556,0.002558117130645968,0.022548657599681665,0.021052631578947368
natural,baseline,3,train_002_intermittent_3p5pct|train_003_intermittent_late_4p5pct|train_004_accelerating_5p5pct|train_005_accelerating_hard_6p0pct|train_007_multi_hard_2_7p0pct|train_008_baseline_7p2pct|train_009_intermittent_7p5pct|train_011_accelerating_8p0pct|train_012_accelerating_hard_8p2pct|train_013_multi_hard_8p5pct|train_014_multi_hard_2_8p8pct|train_015_baseline_9p0pct|train_016_intermittent_9p5pct|train_017_intermittent_late_10p0pct|train_018_accelerating_10p5pct|train_020_multi_hard_15p0pct,train_001_baseline_2p0pct|train_006_multi_hard_6p5pct|train_010_intermittent_late_7p8pct|train_019_accelerating_hard_12p0pct,1,0.025757354017269134,0,0,51150,1705,0.025219941348973606,0.3605108796508378,0.768966695895795,0.01866248911979449,0.08897669415164021,0.0019253954502052389,0.023586050412552125,0.025219941348973606
natural,baseline,4,train_001_baseline_2p0pct|train_002_intermittent_3p5pct|train_003_intermittent_late_4p5pct|train_004_accelerating_5p5pct|train_005_accelerating_hard_6p0pct|train_006_multi_hard_6p5pct|train_007_multi_hard_2_7p0pct|train_008_baseline_7p2pct|train_010_intermittent_late_7p8pct|train_011_accelerating_8p0pct|train_013_multi_hard_8p5pct|train_015_baseline_9p0pct|train_016_intermittent_9p5pct|train_017_intermittent_late_10p0pct|train_019_accelerating_hard_12p0pct|train_020_multi_hard_15p0pct,train_009_intermittent_7p5pct|train_012_accelerating_hard_8p2pct|train_014_multi_hard_2_8p8pct|train_018_accelerating_10p5pct,1,0.02678963548528766,0,0,51210,1707,0.0210896309314587,0.27751032368712053,0.8155036257582138,0.016923065590068283,0.0786354504240418,0.008393457760463735,0.02770550294468942,0.0210896309314587
natural,baseline,5,train_001_baseline_2p0pct|train_003_intermittent_late_4p5pct|train_004_accelerating_5p5pct|train_005_accelerating_hard_6p0pct|train_006_multi_hard_6p5pct|train_007_multi_hard_2_7p0pct|train_008_baseline_7p2pct|train_009_intermittent_7p5pct|train_010_intermittent_late_7p8pct|train_012_accelerating_hard_8p2pct|train_013_multi_hard_8p5pct|train_014_multi_hard_2_8p8pct|train_015_baseline_9p0pct|train_017_intermittent_late_10p0pct|train_018_accelerating_10p5pct|train_019_accelerating_hard_12p0pct,train_002_intermittent_3p5pct|train_011_accelerating_8p0pct|train_016_intermittent_9p5pct|train_020_multi_hard_15p0pct,1,0.0235759261971006,0,0,51270,1709,0.03393797542422469,0.4024787858516991,0.8041024132593505,0.02518747001174387,0.11088400550684069,0.010024029000026644,0.02391394642419805,0.03393797542422469
bagging_4p5pct_x5,bagging,1,train_001_baseline_2p0pct|train_002_intermittent_3p5pct|train_003_intermittent_late_4p5pct|train_006_multi_hard_6p5pct|train_008_baseline_7p2pct|train_009_intermittent_7p5pct|train_010_intermittent_late_7p8pct|train_011_accelerating_8p0pct|train_012_accelerating_hard_8p2pct|train_013_multi_hard_8p5pct|train_014_multi_hard_2_8p8pct|train_015_baseline_9p0pct|train_016_intermittent_9p5pct|train_018_accelerating_10p5pct|train_019_accelerating_hard_12p0pct|train_020_multi_hard_15p0pct,train_004_accelerating_5p5pct|train_005_accelerating_hard_6p0pct|train_007_multi_hard_2_7p0pct|train_017_intermittent_late_10p0pct,5,0.04500520291363164,0,0,51210,1707,0.026947861745752782,0.30666296020879136,0.7679700401655485,0.021596080245396384,0.10102824197475772,0.015160941067404064,0.04177266433157297,0.026947861745752782
bagging_4p5pct_x5,bagging,2,train_001_baseline_2p0pct|train_002_intermittent_3p5pct|train_004_accelerating_5p5pct|train_005_accelerating_hard_6p0pct|train_006_multi_hard_6p5pct|train_007_multi_hard_2_7p0pct|train_009_intermittent_7p5pct|train_010_intermittent_late_7p8pct|train_011_accelerating_8p0pct|train_012_accelerating_hard_8p2pct|train_014_multi_hard_2_8p8pct|train_016_intermittent_9p5pct|train_017_intermittent_late_10p0pct|train_018_accelerating_10p5pct|train_019_accelerating_hard_12p0pct|train_020_multi_hard_15p0pct,train_003_intermittent_late_4p5pct|train_008_baseline_7p2pct|train_013_multi_hard_8p5pct|train_015_baseline_9p0pct,5,0.04499631177772313,0,0,51300,1710,0.021052631578947368,0.25502907970825367,0.7551403730991046,0.01818003915156239,0.08696935185513939,0.013010973776805027,0.03390320739942222,0.021052631578947368
bagging_4p5pct_x5,bagging,3,train_002_intermittent_3p5pct|train_003_intermittent_late_4p5pct|train_004_accelerating_5p5pct|train_005_accelerating_hard_6p0pct|train_007_multi_hard_2_7p0pct|train_008_baseline_7p2pct|train_009_intermittent_7p5pct|train_011_accelerating_8p0pct|train_012_accelerating_hard_8p2pct|train_013_multi_hard_8p5pct|train_014_multi_hard_2_8p8pct|train_015_baseline_9p0pct|train_016_intermittent_9p5pct|train_017_intermittent_late_10p0pct|train_018_accelerating_10p5pct|train_020_multi_hard_15p0pct,train_001_baseline_2p0pct|train_006_multi_hard_6p5pct|train_010_intermittent_late_7p8pct|train_019_accelerating_hard_12p0pct,5,0.04500127844541039,0,0,51150,1705,0.025219941348973606,0.3732431250618986,0.7811342378815722,0.018577182936863074,0.0900473070120756,0.013186455219775229,0.037108855599457986,0.025219941348973606
bagging_4p5pct_x5,bagging,4,train_001_baseline_2p0pct|train_002_intermittent_3p5pct|train_003_intermittent_late_4p5pct|train_004_accelerating_5p5pct|train_005_accelerating_hard_6p0pct|train_006_multi_hard_6p5pct|train_007_multi_hard_2_7p0pct|train_008_baseline_7p2pct|train_010_intermittent_late_7p8pct|train_011_accelerating_8p0pct|train_013_multi_hard_8p5pct|train_015_baseline_9p0pct|train_016_intermittent_9p5pct|train_017_intermittent_late_10p0pct|train_019_accelerating_hard_12p0pct|train_020_multi_hard_15p0pct,train_009_intermittent_7p5pct|train_012_accelerating_hard_8p2pct|train_014_multi_hard_2_8p8pct|train_018_accelerating_10p5pct,5,0.04499631177772313,0,0,51210,1707,0.0210896309314587,0.2737671540675538,0.8160315125119135,0.01784793592922311,0.08585652925128912,0.021360246978167845,0.042449877909626545,0.0210896309314587
bagging_4p5pct_x5,bagging,5,train_001_baseline_2p0pct|train_003_intermittent_late_4p5pct|train_004_accelerating_5p5pct|train_005_accelerating_hard_6p0pct|train_006_multi_hard_6p5pct|train_007_multi_hard_2_7p0pct|train_008_baseline_7p2pct|train_009_intermittent_7p5pct|train_010_intermittent_late_7p8pct|train_012_accelerating_hard_8p2pct|train_013_multi_hard_8p5pct|train_014_multi_hard_2_8p8pct|train_015_baseline_9p0pct|train_017_intermittent_late_10p0pct|train_018_accelerating_10p5pct|train_019_accelerating_hard_12p0pct,train_002_intermittent_3p5pct|train_011_accelerating_8p0pct|train_016_intermittent_9p5pct|train_020_multi_hard_15p0pct,5,0.04499720514253774,0,0,51270,1709,0.03393797542422469,0.40532426492536255,0.8119611880411499,0.024352857107053934,0.1083445755395417,0.009596884465258427,0.040536408143452135,0.03393797542422469
bagging_4p5pct_x7,bagging,1,train_001_baseline_2p0pct|train_002_intermittent_3p5pct|train_003_intermittent_late_4p5pct|train_006_multi_hard_6p5pct|train_008_baseline_7p2pct|train_009_intermittent_7p5pct|train_010_intermittent_late_7p8pct|train_011_accelerating_8p0pct|train_012_accelerating_hard_8p2pct|train_013_multi_hard_8p5pct|train_014_multi_hard_2_8p8pct|train_015_baseline_9p0pct|train_016_intermittent_9p5pct|train_018_accelerating_10p5pct|train_019_accelerating_hard_12p0pct|train_020_multi_hard_15p0pct,train_004_accelerating_5p5pct|train_005_accelerating_hard_6p0pct|train_007_multi_hard_2_7p0pct|train_017_intermittent_late_10p0pct,7,0.04500520291363164,0,0,51210,1707,0.026947861745752782,0.30753353267200745,0.7682135492558757,0.02157738190734421,0.10094041945820866,0.015031715550137954,0.04168117051677206,0.026947861745752782
bagging_4p5pct_x7,bagging,2,train_001_baseline_2p0pct|train_002_intermittent_3p5pct|train_004_accelerating_5p5pct|train_005_accelerating_hard_6p0pct|train_006_multi_hard_6p5pct|train_007_multi_hard_2_7p0pct|train_009_intermittent_7p5pct|train_010_intermittent_late_7p8pct|train_011_accelerating_8p0pct|train_012_accelerating_hard_8p2pct|train_014_multi_hard_2_8p8pct|train_016_intermittent_9p5pct|train_017_intermittent_late_10p0pct|train_018_accelerating_10p5pct|train_019_accelerating_hard_12p0pct|train_020_multi_hard_15p0pct,train_003_intermittent_late_4p5pct|train_008_baseline_7p2pct|train_013_multi_hard_8p5pct|train_015_baseline_9p0pct,7,0.04499631177772313,0,0,51300,1710,0.021052631578947368,0.2555053502705807,0.7532985327521866,0.01813005767655544,0.08699245254673647,0.012981725842071896,0.03394540460035565,0.021052631578947368
bagging_4p5pct_x7,bagging,3,train_002_intermittent_3p5pct|train_003_intermittent_late_4p5pct|train_004_accelerating_5p5pct|train_005_accelerating_hard_6p0pct|train_007_multi_hard_2_7p0pct|train_008_baseline_7p2pct|train_009_intermittent_7p5pct|train_011_accelerating_8p0pct|train_012_accelerating_hard_8p2pct|train_013_multi_hard_8p5pct|train_014_multi_hard_2_8p8pct|train_015_baseline_9p0pct|train_016_intermittent_9p5pct|train_017_intermittent_late_10p0pct|train_018_accelerating_10p5pct|train_020_multi_hard_15p0pct,train_001_baseline_2p0pct|train_006_multi_hard_6p5pct|train_010_intermittent_late_7p8pct|train_019_accelerating_hard_12p0pct,7,0.04500127844541039,0,0,51150,1705,0.025219941348973606,0.3727216901441686,0.7804728666623133,0.01858453511277792,0.09007410129077596,0.013271510343101282,0.03707584276134466,0.025219941348973606
bagging_4p5pct_x7,bagging,4,train_001_baseline_2p0pct|train_002_intermittent_3p5pct|train_003_intermittent_late_4p5pct|train_004_accelerating_5p5pct|train_005_accelerating_hard_6p0pct|train_006_multi_hard_6p5pct|train_007_multi_hard_2_7p0pct|train_008_baseline_7p2pct|train_010_intermittent_late_7p8pct|train_011_accelerating_8p0pct|train_013_multi_hard_8p5pct|train_015_baseline_9p0pct|train_016_intermittent_9p5pct|train_017_intermittent_late_10p0pct|train_019_accelerating_hard_12p0pct|train_020_multi_hard_15p0pct,train_009_intermittent_7p5pct|train_012_accelerating_hard_8p2pct|train_014_multi_hard_2_8p8pct|train_018_accelerating_10p5pct,7,0.04499631177772313,0,0,51210,1707,0.0210896309314587,0.27737741063055216,0.8172991887758495,0.01775465652343189,0.08557450297746907,0.021272420338914712,0.04236205127037341,0.0210896309314587
bagging_4p5pct_x7,bagging,5,train_001_baseline_2p0pct|train_003_intermittent_late_4p5pct|train_004_accelerating_5p5pct|train_005_accelerating_hard_6p0pct|train_006_multi_hard_6p5pct|train_007_multi_hard_2_7p0pct|train_008_baseline_7p2pct|train_009_intermittent_7p5pct|train_010_intermittent_late_7p8pct|train_012_accelerating_hard_8p2pct|train_013_multi_hard_8p5pct|train_014_multi_hard_2_8p8pct|train_015_baseline_9p0pct|train_017_intermittent_late_10p0pct|train_018_accelerating_10p5pct|train_019_accelerating_hard_12p0pct,train_002_intermittent_3p5pct|train_011_accelerating_8p0pct|train_016_intermittent_9p5pct|train_020_multi_hard_15p0pct,7,0.04499720514253774,0,0,51270,1709,0.03393797542422469,0.40945141846084543,0.814118657913119,0.02425631602894709,0.1078775633290004,0.009638194405863467,0.040708198156514226,0.03393797542422469
bagging_5p0pct_x5,bagging,1,train_001_baseline_2p0pct|train_002_intermittent_3p5pct|train_003_intermittent_late_4p5pct|train_006_multi_hard_6p5pct|train_008_baseline_7p2pct|train_009_intermittent_7p5pct|train_010_intermittent_late_7p8pct|train_011_accelerating_8p0pct|train_012_accelerating_hard_8p2pct|train_013_multi_hard_8p5pct|train_014_multi_hard_2_8p8pct|train_015_baseline_9p0pct|train_016_intermittent_9p5pct|train_018_accelerating_10p5pct|train_019_accelerating_hard_12p0pct|train_020_multi_hard_15p0pct,train_004_accelerating_5p5pct|train_005_accelerating_hard_6p0pct|train_007_multi_hard_2_7p0pct|train_017_intermittent_late_10p0pct,5,0.049999999999999996,0,0,51210,1707,0.026947861745752782,0.2997503753123514,0.7688847734471115,0.021844859296590302,0.10287685987202685,0.018448270189265373,0.0451260677614571,0.026947861745752782
bagging_5p0pct_x5,bagging,2,train_001_baseline_2p0pct|train_002_intermittent_3p5pct|train_004_accelerating_5p5pct|train_005_accelerating_hard_6p0pct|train_006_multi_hard_6p5pct|train_007_multi_hard_2_7p0pct|train_009_intermittent_7p5pct|train_010_intermittent_late_7p8pct|train_011_accelerating_8p0pct|train_012_accelerating_hard_8p2pct|train_014_multi_hard_2_8p8pct|train_016_intermittent_9p5pct|train_017_intermittent_late_10p0pct|train_018_accelerating_10p5pct|train_019_accelerating_hard_12p0pct|train_020_multi_hard_15p0pct,train_003_intermittent_late_4p5pct|train_008_baseline_7p2pct|train_013_multi_hard_8p5pct|train_015_baseline_9p0pct,5,0.049999999999999996,0,0,51300,1710,0.021052631578947368,0.25818390452595996,0.7541063487322448,0.018242145736329693,0.0884529400425246,0.01618175267601555,0.03700134543285612,0.021052631578947368
bagging_5p0pct_x5,bagging,3,train_002_intermittent_3p5pct|train_003_intermittent_late_4p5pct|train_004_accelerating_5p5pct|train_005_accelerating_hard_6p0pct|train_007_multi_hard_2_7p0pct|train_008_baseline_7p2pct|train_009_intermittent_7p5pct|train_011_accelerating_8p0pct|train_012_accelerating_hard_8p2pct|train_013_multi_hard_8p5pct|train_014_multi_hard_2_8p8pct|train_015_baseline_9p0pct|train_016_intermittent_9p5pct|train_017_intermittent_late_10p0pct|train_018_accelerating_10p5pct|train_020_multi_hard_15p0pct,train_001_baseline_2p0pct|train_006_multi_hard_6p5pct|train_010_intermittent_late_7p8pct|train_019_accelerating_hard_12p0pct,5,0.049999999999999996,0,0,51150,1705,0.025219941348973606,0.3725029740693509,0.7815006125679033,0.018749598715650437,0.09162564579269705,0.016026292790743784,0.040221194536601015,0.025219941348973606
bagging_5p0pct_x5,bagging,4,train_001_baseline_2p0pct|train_002_intermittent_3p5pct|train_003_intermittent_late_4p5pct|train_004_accelerating_5p5pct|train_005_accelerating_hard_6p0pct|train_006_multi_hard_6p5pct|train_007_multi_hard_2_7p0pct|train_008_baseline_7p2pct|train_010_intermittent_late_7p8pct|train_011_accelerating_8p0pct|train_013_multi_hard_8p5pct|train_015_baseline_9p0pct|train_016_intermittent_9p5pct|train_017_intermittent_late_10p0pct|train_019_accelerating_hard_12p0pct|train_020_multi_hard_15p0pct,train_009_intermittent_7p5pct|train_012_accelerating_hard_8p2pct|train_014_multi_hard_2_8p8pct|train_018_accelerating_10p5pct,5,0.049999999999999996,0,0,51210,1707,0.0210896309314587,0.28074308448672497,0.8234164967381106,0.01796181857661851,0.08760521393584796,0.024918798891174116,0.04599265477146268,0.0210896309314587
bagging_5p0pct_x5,bagging,5,train_001_baseline_2p0pct|train_003_intermittent_late_4p5pct|train_004_accelerating_5p5pct|train_005_accelerating_hard_6p0pct|train_006_multi_hard_6p5pct|train_007_multi_hard_2_7p0pct|train_008_baseline_7p2pct|train_009_intermittent_7p5pct|train_010_intermittent_late_7p8pct|train_012_accelerating_hard_8p2pct|train_013_multi_hard_8p5pct|train_014_multi_hard_2_8p8pct|train_015_baseline_9p0pct|train_017_intermittent_late_10p0pct|train_018_accelerating_10p5pct|train_019_accelerating_hard_12p0pct,train_002_intermittent_3p5pct|train_011_accelerating_8p0pct|train_016_intermittent_9p5pct|train_020_multi_hard_15p0pct,5,0.049999999999999996,0,0,51270,1709,0.03393797542422469,0.4075204438702884,0.8112543657507003,0.024391437439639046,0.10905534761092833,0.012411491298646092,0.04448326771898978,0.03393797542422469
bagging_5p0pct_x7,bagging,1,train_001_baseline_2p0pct|train_002_intermittent_3p5pct|train_003_intermittent_late_4p5pct|train_006_multi_hard_6p5pct|train_008_baseline_7p2pct|train_009_intermittent_7p5pct|train_010_intermittent_late_7p8pct|train_011_accelerating_8p0pct|train_012_accelerating_hard_8p2pct|train_013_multi_hard_8p5pct|train_014_multi_hard_2_8p8pct|train_015_baseline_9p0pct|train_016_intermittent_9p5pct|train_018_accelerating_10p5pct|train_019_accelerating_hard_12p0pct|train_020_multi_hard_15p0pct,train_004_accelerating_5p5pct|train_005_accelerating_hard_6p0pct|train_007_multi_hard_2_7p0pct|train_017_intermittent_late_10p0pct,7,0.049999999999999996,0,0,51210,1707,0.026947861745752782,0.30157088198988835,0.7683032164431531,0.02182634323190101,0.10282850578309558,0.018391980101457678,0.04513935091799673,0.026947861745752782
bagging_5p0pct_x7,bagging,2,train_001_baseline_2p0pct|train_002_intermittent_3p5pct|train_004_accelerating_5p5pct|train_005_accelerating_hard_6p0pct|train_006_multi_hard_6p5pct|train_007_multi_hard_2_7p0pct|train_009_intermittent_7p5pct|train_010_intermittent_late_7p8pct|train_011_accelerating_8p0pct|train_012_accelerating_hard_8p2pct|train_014_multi_hard_2_8p8pct|train_016_intermittent_9p5pct|train_017_intermittent_late_10p0pct|train_018_accelerating_10p5pct|train_019_accelerating_hard_12p0pct|train_020_multi_hard_15p0pct,train_003_intermittent_late_4p5pct|train_008_baseline_7p2pct|train_013_multi_hard_8p5pct|train_015_baseline_9p0pct,7,0.049999999999999996,0,0,51300,1710,0.021052631578947368,0.255613479962118,0.7539391400061949,0.018288001654598818,0.0886425794374551,0.01619087279855107,0.03710823161885774,0.021052631578947368
bagging_5p0pct_x7,bagging,3,train_002_intermittent_3p5pct|train_003_intermittent_late_4p5pct|train_004_accelerating_5p5pct|train_005_accelerating_hard_6p0pct|train_007_multi_hard_2_7p0pct|train_008_baseline_7p2pct|train_009_intermittent_7p5pct|train_011_accelerating_8p0pct|train_012_accelerating_hard_8p2pct|train_013_multi_hard_8p5pct|train_014_multi_hard_2_8p8pct|train_015_baseline_9p0pct|train_016_intermittent_9p5pct|train_017_intermittent_late_10p0pct|train_018_accelerating_10p5pct|train_020_multi_hard_15p0pct,train_001_baseline_2p0pct|train_006_multi_hard_6p5pct|train_010_intermittent_late_7p8pct|train_019_accelerating_hard_12p0pct,7,0.049999999999999996,0,0,51150,1705,0.025219941348973606,0.3737800014803957,0.7813872253161565,0.0187390306152451,0.09157104361818576,0.016072292014084184,0.04025797276406052,0.025219941348973606
bagging_5p0pct_x7,bagging,4,train_001_baseline_2p0pct|train_002_intermittent_3p5pct|train_003_intermittent_late_4p5pct|train_004_accelerating_5p5pct|train_005_accelerating_hard_6p0pct|train_006_multi_hard_6p5pct|train_007_multi_hard_2_7p0pct|train_008_baseline_7p2pct|train_010_intermittent_late_7p8pct|train_011_accelerating_8p0pct|train_013_multi_hard_8p5pct|train_015_baseline_9p0pct|train_016_intermittent_9p5pct|train_017_intermittent_late_10p0pct|train_019_accelerating_hard_12p0pct|train_020_multi_hard_15p0pct,train_009_intermittent_7p5pct|train_012_accelerating_hard_8p2pct|train_014_multi_hard_2_8p8pct|train_018_accelerating_10p5pct,7,0.049999999999999996,0,0,51210,1707,0.0210896309314587,0.2796788674960683,0.8212127911873573,0.01802076589360578,0.08791139842063536,0.025054472956715267,0.046144103888173964,0.0210896309314587
bagging_5p0pct_x7,bagging,5,train_001_baseline_2p0pct|train_003_intermittent_late_4p5pct|train_004_accelerating_5p5pct|train_005_accelerating_hard_6p0pct|train_006_multi_hard_6p5pct|train_007_multi_hard_2_7p0pct|train_008_baseline_7p2pct|train_009_intermittent_7p5pct|train_010_intermittent_late_7p8pct|train_012_accelerating_hard_8p2pct|train_013_multi_hard_8p5pct|train_014_multi_hard_2_8p8pct|train_015_baseline_9p0pct|train_017_intermittent_late_10p0pct|train_018_accelerating_10p5pct|train_019_accelerating_hard_12p0pct,train_002_intermittent_3p5pct|train_011_accelerating_8p0pct|train_016_intermittent_9p5pct|train_020_multi_hard_15p0pct,7,0.049999999999999996,0,0,51270,1709,0.03393797542422469,0.40775374771082795,0.8116965104163041,0.02437096514229484,0.10895674955735124,0.012671054938321021,0.044425815695289646,0.03393797542422469
bagging_5p5pct_x5,bagging,1,train_001_baseline_2p0pct|train_002_intermittent_3p5pct|train_003_intermittent_late_4p5pct|train_006_multi_hard_6p5pct|train_008_baseline_7p2pct|train_009_intermittent_7p5pct|train_010_intermittent_late_7p8pct|train_011_accelerating_8p0pct|train_012_accelerating_hard_8p2pct|train_013_multi_hard_8p5pct|train_014_multi_hard_2_8p8pct|train_015_baseline_9p0pct|train_016_intermittent_9p5pct|train_018_accelerating_10p5pct|train_019_accelerating_hard_12p0pct|train_020_multi_hard_15p0pct,train_004_accelerating_5p5pct|train_005_accelerating_hard_6p0pct|train_007_multi_hard_2_7p0pct|train_017_intermittent_late_10p0pct,5,0.055007949125596194,0,0,51210,1707,0.026947861745752782,0.3035754559308292,0.7744020248555232,0.022258625488802183,0.10480607889924298,0.02242371328078111,0.0491835096629936,0.026947861745752782
bagging_5p5pct_x5,bagging,2,train_001_baseline_2p0pct|train_002_intermittent_3p5pct|train_004_accelerating_5p5pct|train_005_accelerating_hard_6p0pct|train_006_multi_hard_6p5pct|train_007_multi_hard_2_7p0pct|train_009_intermittent_7p5pct|train_010_intermittent_late_7p8pct|train_011_accelerating_8p0pct|train_012_accelerating_hard_8p2pct|train_014_multi_hard_2_8p8pct|train_016_intermittent_9p5pct|train_017_intermittent_late_10p0pct|train_018_accelerating_10p5pct|train_019_accelerating_hard_12p0pct|train_020_multi_hard_15p0pct,train_003_intermittent_late_4p5pct|train_008_baseline_7p2pct|train_013_multi_hard_8p5pct|train_015_baseline_9p0pct,5,0.05500450856627592,0,0,51300,1710,0.021052631578947368,0.2525231679735352,0.751343283994867,0.018623302415622517,0.0906886192437822,0.019577601855910606,0.04030318855665327,0.021052631578947368
bagging_5p5pct_x5,bagging,3,train_002_intermittent_3p5pct|train_003_intermittent_late_4p5pct|train_004_accelerating_5p5pct|train_005_accelerating_hard_6p0pct|train_007_multi_hard_2_7p0pct|train_008_baseline_7p2pct|train_009_intermittent_7p5pct|train_011_accelerating_8p0pct|train_012_accelerating_hard_8p2pct|train_013_multi_hard_8p5pct|train_014_multi_hard_2_8p8pct|train_015_baseline_9p0pct|train_016_intermittent_9p5pct|train_017_intermittent_late_10p0pct|train_018_accelerating_10p5pct|train_020_multi_hard_15p0pct,train_001_baseline_2p0pct|train_006_multi_hard_6p5pct|train_010_intermittent_late_7p8pct|train_019_accelerating_hard_12p0pct,5,0.055,0,0,51150,1705,0.025219941348973606,0.3690927772822338,0.7821159479099619,0.019060116309395077,0.09338332923570157,0.018978626634962442,0.0434271611145181,0.025219941348973606
bagging_5p5pct_x5,bagging,4,train_001_baseline_2p0pct|train_002_intermittent_3p5pct|train_003_intermittent_late_4p5pct|train_004_accelerating_5p5pct|train_005_accelerating_hard_6p0pct|train_006_multi_hard_6p5pct|train_007_multi_hard_2_7p0pct|train_008_baseline_7p2pct|train_010_intermittent_late_7p8pct|train_011_accelerating_8p0pct|train_013_multi_hard_8p5pct|train_015_baseline_9p0pct|train_016_intermittent_9p5pct|train_017_intermittent_late_10p0pct|train_019_accelerating_hard_12p0pct|train_020_multi_hard_15p0pct,train_009_intermittent_7p5pct|train_012_accelerating_hard_8p2pct|train_014_multi_hard_2_8p8pct|train_018_accelerating_10p5pct,5,0.05500450856627592,0,0,51210,1707,0.0210896309314587,0.2810982474179768,0.814919930403174,0.01861516347858667,0.09145796271736825,0.029888481695364042,0.05083501888372503,0.0210896309314587
bagging_5p5pct_x5,bagging,5,train_001_baseline_2p0pct|train_003_intermittent_late_4p5pct|train_004_accelerating_5p5pct|train_005_accelerating_hard_6p0pct|train_006_multi_hard_6p5pct|train_007_multi_hard_2_7p0pct|train_008_baseline_7p2pct|train_009_intermittent_7p5pct|train_010_intermittent_late_7p8pct|train_012_accelerating_hard_8p2pct|train_013_multi_hard_8p5pct|train_014_multi_hard_2_8p8pct|train_015_baseline_9p0pct|train_017_intermittent_late_10p0pct|train_018_accelerating_10p5pct|train_019_accelerating_hard_12p0pct,train_002_intermittent_3p5pct|train_011_accelerating_8p0pct|train_016_intermittent_9p5pct|train_020_multi_hard_15p0pct,5,0.05500512470105911,0,0,51270,1709,0.03393797542422469,0.40844691500575653,0.8088053217485744,0.024476306309996566,0.1103671138434995,0.015883064596078633,0.04780612502130419,0.03393797542422469
bagging_5p5pct_x7,bagging,1,train_001_baseline_2p0pct|train_002_intermittent_3p5pct|train_003_intermittent_late_4p5pct|train_006_multi_hard_6p5pct|train_008_baseline_7p2pct|train_009_intermittent_7p5pct|train_010_intermittent_late_7p8pct|train_011_accelerating_8p0pct|train_012_accelerating_hard_8p2pct|train_013_multi_hard_8p5pct|train_014_multi_hard_2_8p8pct|train_015_baseline_9p0pct|train_016_intermittent_9p5pct|train_018_accelerating_10p5pct|train_019_accelerating_hard_12p0pct|train_020_multi_hard_15p0pct,train_004_accelerating_5p5pct|train_005_accelerating_hard_6p0pct|train_007_multi_hard_2_7p0pct|train_017_intermittent_late_10p0pct,7,0.055007949125596194,0,0,51210,1707,0.026947861745752782,0.3061538400552857,0.7734123265479442,0.022209367062320944,0.10464736826014019,0.02207318191728204,0.04900959327115292,0.026947861745752782
bagging_5p5pct_x7,bagging,2,train_001_baseline_2p0pct|train_002_intermittent_3p5pct|train_004_accelerating_5p5pct|train_005_accelerating_hard_6p0pct|train_006_multi_hard_6p5pct|train_007_multi_hard_2_7p0pct|train_009_intermittent_7p5pct|train_010_intermittent_late_7p8pct|train_011_accelerating_8p0pct|train_012_accelerating_hard_8p2pct|train_014_multi_hard_2_8p8pct|train_016_intermittent_9p5pct|train_017_intermittent_late_10p0pct|train_018_accelerating_10p5pct|train_019_accelerating_hard_12p0pct|train_020_multi_hard_15p0pct,train_003_intermittent_late_4p5pct|train_008_baseline_7p2pct|train_013_multi_hard_8p5pct|train_015_baseline_9p0pct,7,0.05500450856627592,0,0,51300,1710,0.021052631578947368,0.25192854391875696,0.7511127981326606,0.018618652360259193,0.09065951285653358,0.019431663679073338,0.04027231268838655,0.021052631578947368
bagging_5p5pct_x7,bagging,3,train_002_intermittent_3p5pct|train_003_intermittent_late_4p5pct|train_004_accelerating_5p5pct|train_005_accelerating_hard_6p0pct|train_007_multi_hard_2_7p0pct|train_008_baseline_7p2pct|train_009_intermittent_7p5pct|train_011_accelerating_8p0pct|train_012_accelerating_hard_8p2pct|train_013_multi_hard_8p5pct|train_014_multi_hard_2_8p8pct|train_015_baseline_9p0pct|train_016_intermittent_9p5pct|train_017_intermittent_late_10p0pct|train_018_accelerating_10p5pct|train_020_multi_hard_15p0pct,train_001_baseline_2p0pct|train_006_multi_hard_6p5pct|train_010_intermittent_late_7p8pct|train_019_accelerating_hard_12p0pct,7,0.055,0,0,51150,1705,0.025219941348973606,0.3705993055947831,0.7842348265064661,0.01900489013026108,0.09315734660424602,0.018966676265421343,0.04355197090282829,0.025219941348973606
bagging_5p5pct_x7,bagging,4,train_001_baseline_2p0pct|train_002_intermittent_3p5pct|train_003_intermittent_late_4p5pct|train_004_accelerating_5p5pct|train_005_accelerating_hard_6p0pct|train_006_multi_hard_6p5pct|train_007_multi_hard_2_7p0pct|train_008_baseline_7p2pct|train_010_intermittent_late_7p8pct|train_011_accelerating_8p0pct|train_013_multi_hard_8p5pct|train_015_baseline_9p0pct|train_016_intermittent_9p5pct|train_017_intermittent_late_10p0pct|train_019_accelerating_hard_12p0pct|train_020_multi_hard_15p0pct,train_009_intermittent_7p5pct|train_012_accelerating_hard_8p2pct|train_014_multi_hard_2_8p8pct|train_018_accelerating_10p5pct,7,0.05500450856627592,0,0,51210,1707,0.0210896309314587,0.2824340788732307,0.8177680992382769,0.01865430751392652,0.09149266023045353,0.029951040982701422,0.05104067191416011,0.0210896309314587
bagging_5p5pct_x7,bagging,5,train_001_baseline_2p0pct|train_003_intermittent_late_4p5pct|train_004_accelerating_5p5pct|train_005_accelerating_hard_6p0pct|train_006_multi_hard_6p5pct|train_007_multi_hard_2_7p0pct|train_008_baseline_7p2pct|train_009_intermittent_7p5pct|train_010_intermittent_late_7p8pct|train_012_accelerating_hard_8p2pct|train_013_multi_hard_8p5pct|train_014_multi_hard_2_8p8pct|train_015_baseline_9p0pct|train_017_intermittent_late_10p0pct|train_018_accelerating_10p5pct|train_019_accelerating_hard_12p0pct,train_002_intermittent_3p5pct|train_011_accelerating_8p0pct|train_016_intermittent_9p5pct|train_020_multi_hard_15p0pct,7,0.05500512470105911,0,0,51270,1709,0.03393797542422469,0.410417533920708,0.8129949107820409,0.024467420569723668,0.11006282876233695,0.015877647477786756,0.047791258946438785,0.03393797542422469
hard_negative_top10_bagging_5p0pct_x5,hard_negative,1,train_001_baseline_2p0pct|train_002_intermittent_3p5pct|train_003_intermittent_late_4p5pct|train_006_multi_hard_6p5pct|train_008_baseline_7p2pct|train_009_intermittent_7p5pct|train_010_intermittent_late_7p8pct|train_011_accelerating_8p0pct|train_012_accelerating_hard_8p2pct|train_013_multi_hard_8p5pct|train_014_multi_hard_2_8p8pct|train_015_baseline_9p0pct|train_016_intermittent_9p5pct|train_018_accelerating_10p5pct|train_019_accelerating_hard_12p0pct|train_020_multi_hard_15p0pct,train_004_accelerating_5p5pct|train_005_accelerating_hard_6p0pct|train_007_multi_hard_2_7p0pct|train_017_intermittent_late_10p0pct,5,0.05,666,0,51210,1707,0.026947861745752782,0.30443586839537773,0.7737815674743402,0.021323646175296078,0.10059646536873455,0.014778132243872111,0.04069503779923586,0.026947861745752782
hard_negative_top10_bagging_5p0pct_x5,hard_negative,2,train_001_baseline_2p0pct|train_002_intermittent_3p5pct|train_004_accelerating_5p5pct|train_005_accelerating_hard_6p0pct|train_006_multi_hard_6p5pct|train_007_multi_hard_2_7p0pct|train_009_intermittent_7p5pct|train_010_intermittent_late_7p8pct|train_011_accelerating_8p0pct|train_012_accelerating_hard_8p2pct|train_014_multi_hard_2_8p8pct|train_016_intermittent_9p5pct|train_017_intermittent_late_10p0pct|train_018_accelerating_10p5pct|train_019_accelerating_hard_12p0pct|train_020_multi_hard_15p0pct,train_003_intermittent_late_4p5pct|train_008_baseline_7p2pct|train_013_multi_hard_8p5pct|train_015_baseline_9p0pct,5,0.05,665,0,51300,1710,0.021052631578947368,0.24586358013450954,0.7440677408292401,0.018120793293891848,0.08856772844882185,0.015147975160682631,0.0357059017852239,0.021052631578947368
hard_negative_top10_bagging_5p0pct_x5,hard_negative,3,train_002_intermittent_3p5pct|train_003_intermittent_late_4p5pct|train_004_accelerating_5p5pct|train_005_accelerating_hard_6p0pct|train_007_multi_hard_2_7p0pct|train_008_baseline_7p2pct|train_009_intermittent_7p5pct|train_011_accelerating_8p0pct|train_012_accelerating_hard_8p2pct|train_013_multi_hard_8p5pct|train_014_multi_hard_2_8p8pct|train_015_baseline_9p0pct|train_016_intermittent_9p5pct|train_017_intermittent_late_10p0pct|train_018_accelerating_10p5pct|train_020_multi_hard_15p0pct,train_001_baseline_2p0pct|train_006_multi_hard_6p5pct|train_010_intermittent_late_7p8pct|train_019_accelerating_hard_12p0pct,5,0.05,666,0,51150,1705,0.025219941348973606,0.37420417426470515,0.7838106465545387,0.0187591363444425,0.09129606307746062,0.01660537089374725,0.03801399617633388,0.025219941348973606
hard_negative_top10_bagging_5p0pct_x5,hard_negative,4,train_001_baseline_2p0pct|train_002_intermittent_3p5pct|train_003_intermittent_late_4p5pct|train_004_accelerating_5p5pct|train_005_accelerating_hard_6p0pct|train_006_multi_hard_6p5pct|train_007_multi_hard_2_7p0pct|train_008_baseline_7p2pct|train_010_intermittent_late_7p8pct|train_011_accelerating_8p0pct|train_013_multi_hard_8p5pct|train_015_baseline_9p0pct|train_016_intermittent_9p5pct|train_017_intermittent_late_10p0pct|train_019_accelerating_hard_12p0pct|train_020_multi_hard_15p0pct,train_009_intermittent_7p5pct|train_012_accelerating_hard_8p2pct|train_014_multi_hard_2_8p8pct|train_018_accelerating_10p5pct,5,0.05,665,0,51210,1707,0.0210896309314587,0.27065278564937684,0.8150341334751866,0.017462140414197205,0.08578910314732231,0.02121329947894656,0.04162357947385507,0.0210896309314587
hard_negative_top10_bagging_5p0pct_x5,hard_negative,5,train_001_baseline_2p0pct|train_003_intermittent_late_4p5pct|train_004_accelerating_5p5pct|train_005_accelerating_hard_6p0pct|train_006_multi_hard_6p5pct|train_007_multi_hard_2_7p0pct|train_008_baseline_7p2pct|train_009_intermittent_7p5pct|train_010_intermittent_late_7p8pct|train_012_accelerating_hard_8p2pct|train_013_multi_hard_8p5pct|train_014_multi_hard_2_8p8pct|train_015_baseline_9p0pct|train_017_intermittent_late_10p0pct|train_018_accelerating_10p5pct|train_019_accelerating_hard_12p0pct,train_002_intermittent_3p5pct|train_011_accelerating_8p0pct|train_016_intermittent_9p5pct|train_020_multi_hard_15p0pct,5,0.05,667,0,51270,1709,0.03393797542422469,0.4054071821713642,0.8146856775529053,0.02506436161991453,0.11069679386775531,0.0134785237487631,0.040579993053127913,0.03393797542422469
hard_positive_w1p5_natural,hard_positive,1,train_001_baseline_2p0pct|train_002_intermittent_3p5pct|train_003_intermittent_late_4p5pct|train_006_multi_hard_6p5pct|train_008_baseline_7p2pct|train_009_intermittent_7p5pct|train_010_intermittent_late_7p8pct|train_011_accelerating_8p0pct|train_012_accelerating_hard_8p2pct|train_013_multi_hard_8p5pct|train_014_multi_hard_2_8p8pct|train_015_baseline_9p0pct|train_016_intermittent_9p5pct|train_018_accelerating_10p5pct|train_019_accelerating_hard_12p0pct|train_020_multi_hard_15p0pct,train_004_accelerating_5p5pct|train_005_accelerating_hard_6p0pct|train_007_multi_hard_2_7p0pct|train_017_intermittent_late_10p0pct,1,0.02532572097789489,0,30,51210,1707,0.026947861745752782,0.298185354430433,0.7660321178965004,0.021257255749885486,0.09843343190724309,0.002316620952842893,0.028139148226623105,0.026947861745752782
hard_positive_w1p5_natural,hard_positive,2,train_001_baseline_2p0pct|train_002_intermittent_3p5pct|train_004_accelerating_5p5pct|train_005_accelerating_hard_6p0pct|train_006_multi_hard_6p5pct|train_007_multi_hard_2_7p0pct|train_009_intermittent_7p5pct|train_010_intermittent_late_7p8pct|train_011_accelerating_8p0pct|train_012_accelerating_hard_8p2pct|train_014_multi_hard_2_8p8pct|train_016_intermittent_9p5pct|train_017_intermittent_late_10p0pct|train_018_accelerating_10p5pct|train_019_accelerating_hard_12p0pct|train_020_multi_hard_15p0pct,train_003_intermittent_late_4p5pct|train_008_baseline_7p2pct|train_013_multi_hard_8p5pct|train_015_baseline_9p0pct,1,0.02680140597539543,0,28,51300,1710,0.021052631578947368,0.26207879162542713,0.76270380695311,0.017691986853328158,0.08319002342603384,0.004028996339844655,0.024067965369688804,0.021052631578947368
hard_positive_w1p5_natural,hard_positive,3,train_002_intermittent_3p5pct|train_003_intermittent_late_4p5pct|train_004_accelerating_5p5pct|train_005_accelerating_hard_6p0pct|train_007_multi_hard_2_7p0pct|train_008_baseline_7p2pct|train_009_intermittent_7p5pct|train_011_accelerating_8p0pct|train_012_accelerating_hard_8p2pct|train_013_multi_hard_8p5pct|train_014_multi_hard_2_8p8pct|train_015_baseline_9p0pct|train_016_intermittent_9p5pct|train_017_intermittent_late_10p0pct|train_018_accelerating_10p5pct|train_020_multi_hard_15p0pct,train_001_baseline_2p0pct|train_006_multi_hard_6p5pct|train_010_intermittent_late_7p8pct|train_019_accelerating_hard_12p0pct,1,0.025757354017269134,0,29,51150,1705,0.025219941348973606,0.3695463608462543,0.7803918802103254,0.018540738292377252,0.08777194213100722,0.003714747732578989,0.025490291550690353,0.025219941348973606
hard_positive_w1p5_natural,hard_positive,4,train_001_baseline_2p0pct|train_002_intermittent_3p5pct|train_003_intermittent_late_4p5pct|train_004_accelerating_5p5pct|train_005_accelerating_hard_6p0pct|train_006_multi_hard_6p5pct|train_007_multi_hard_2_7p0pct|train_008_baseline_7p2pct|train_010_intermittent_late_7p8pct|train_011_accelerating_8p0pct|train_013_multi_hard_8p5pct|train_015_baseline_9p0pct|train_016_intermittent_9p5pct|train_017_intermittent_late_10p0pct|train_019_accelerating_hard_12p0pct|train_020_multi_hard_15p0pct,train_009_intermittent_7p5pct|train_012_accelerating_hard_8p2pct|train_014_multi_hard_2_8p8pct|train_018_accelerating_10p5pct,1,0.02678963548528766,0,33,51210,1707,0.0210896309314587,0.27717804740832735,0.8221470750123752,0.017043647753663353,0.07928505971117361,0.008642588232947303,0.029398956140717872,0.0210896309314587
hard_positive_w1p5_natural,hard_positive,5,train_001_baseline_2p0pct|train_003_intermittent_late_4p5pct|train_004_accelerating_5p5pct|train_005_accelerating_hard_6p0pct|train_006_multi_hard_6p5pct|train_007_multi_hard_2_7p0pct|train_008_baseline_7p2pct|train_009_intermittent_7p5pct|train_010_intermittent_late_7p8pct|train_012_accelerating_hard_8p2pct|train_013_multi_hard_8p5pct|train_014_multi_hard_2_8p8pct|train_015_baseline_9p0pct|train_017_intermittent_late_10p0pct|train_018_accelerating_10p5pct|train_019_accelerating_hard_12p0pct,train_002_intermittent_3p5pct|train_011_accelerating_8p0pct|train_016_intermittent_9p5pct|train_020_multi_hard_15p0pct,1,0.0235759261971006,0,29,51270,1709,0.03393797542422469,0.4031044094173533,0.8036624964319778,0.0251090204605804,0.11068405630250779,0.008249032762535847,0.02568894266168885,0.03393797542422469
hard_positive_w2p0_natural,hard_positive,1,train_001_baseline_2p0pct|train_002_intermittent_3p5pct|train_003_intermittent_late_4p5pct|train_006_multi_hard_6p5pct|train_008_baseline_7p2pct|train_009_intermittent_7p5pct|train_010_intermittent_late_7p8pct|train_011_accelerating_8p0pct|train_012_accelerating_hard_8p2pct|train_013_multi_hard_8p5pct|train_014_multi_hard_2_8p8pct|train_015_baseline_9p0pct|train_016_intermittent_9p5pct|train_018_accelerating_10p5pct|train_019_accelerating_hard_12p0pct|train_020_multi_hard_15p0pct,train_004_accelerating_5p5pct|train_005_accelerating_hard_6p0pct|train_007_multi_hard_2_7p0pct|train_017_intermittent_late_10p0pct,1,0.02532572097789489,0,30,51210,1707,0.026947861745752782,0.2988040426834044,0.7570971884116139,0.021303399651168467,0.09930542899185457,0.003950902390716318,0.02980534832766985,0.026947861745752782
hard_positive_w2p0_natural,hard_positive,2,train_001_baseline_2p0pct|train_002_intermittent_3p5pct|train_004_accelerating_5p5pct|train_005_accelerating_hard_6p0pct|train_006_multi_hard_6p5pct|train_007_multi_hard_2_7p0pct|train_009_intermittent_7p5pct|train_010_intermittent_late_7p8pct|train_011_accelerating_8p0pct|train_012_accelerating_hard_8p2pct|train_014_multi_hard_2_8p8pct|train_016_intermittent_9p5pct|train_017_intermittent_late_10p0pct|train_018_accelerating_10p5pct|train_019_accelerating_hard_12p0pct|train_020_multi_hard_15p0pct,train_003_intermittent_late_4p5pct|train_008_baseline_7p2pct|train_013_multi_hard_8p5pct|train_015_baseline_9p0pct,1,0.02680140597539543,0,28,51300,1710,0.021052631578947368,0.25805932658126995,0.7535012334616575,0.017696300762445227,0.0839210875488311,0.005633092459463083,0.0254666937999365,0.021052631578947368
hard_positive_w2p0_natural,hard_positive,3,train_002_intermittent_3p5pct|train_003_intermittent_late_4p5pct|train_004_accelerating_5p5pct|train_005_accelerating_hard_6p0pct|train_007_multi_hard_2_7p0pct|train_008_baseline_7p2pct|train_009_intermittent_7p5pct|train_011_accelerating_8p0pct|train_012_accelerating_hard_8p2pct|train_013_multi_hard_8p5pct|train_014_multi_hard_2_8p8pct|train_015_baseline_9p0pct|train_016_intermittent_9p5pct|train_017_intermittent_late_10p0pct|train_018_accelerating_10p5pct|train_020_multi_hard_15p0pct,train_001_baseline_2p0pct|train_006_multi_hard_6p5pct|train_010_intermittent_late_7p8pct|train_019_accelerating_hard_12p0pct,1,0.025757354017269134,0,29,51150,1705,0.025219941348973606,0.3670818564794149,0.784116246420209,0.01859040868295547,0.08790253265663901,0.005469492374822465,0.027229435259212294,0.025219941348973606
hard_positive_w2p0_natural,hard_positive,4,train_001_baseline_2p0pct|train_002_intermittent_3p5pct|train_003_intermittent_late_4p5pct|train_004_accelerating_5p5pct|train_005_accelerating_hard_6p0pct|train_006_multi_hard_6p5pct|train_007_multi_hard_2_7p0pct|train_008_baseline_7p2pct|train_010_intermittent_late_7p8pct|train_011_accelerating_8p0pct|train_013_multi_hard_8p5pct|train_015_baseline_9p0pct|train_016_intermittent_9p5pct|train_017_intermittent_late_10p0pct|train_019_accelerating_hard_12p0pct|train_020_multi_hard_15p0pct,train_009_intermittent_7p5pct|train_012_accelerating_hard_8p2pct|train_014_multi_hard_2_8p8pct|train_018_accelerating_10p5pct,1,0.02678963548528766,0,33,51210,1707,0.0210896309314587,0.261482032954621,0.8204146995589247,0.017384549963438276,0.0811728030068898,0.011027559074935646,0.03142949347364705,0.0210896309314587
hard_positive_w2p0_natural,hard_positive,5,train_001_baseline_2p0pct|train_003_intermittent_late_4p5pct|train_004_accelerating_5p5pct|train_005_accelerating_hard_6p0pct|train_006_multi_hard_6p5pct|train_007_multi_hard_2_7p0pct|train_008_baseline_7p2pct|train_009_intermittent_7p5pct|train_010_intermittent_late_7p8pct|train_012_accelerating_hard_8p2pct|train_013_multi_hard_8p5pct|train_014_multi_hard_2_8p8pct|train_015_baseline_9p0pct|train_017_intermittent_late_10p0pct|train_018_accelerating_10p5pct|train_019_accelerating_hard_12p0pct,train_002_intermittent_3p5pct|train_011_accelerating_8p0pct|train_016_intermittent_9p5pct|train_020_multi_hard_15p0pct,1,0.0235759261971006,0,29,51270,1709,0.03393797542422469,0.40338822935716523,0.7967911587311532,0.02503985247277277,0.11081205167650617,0.006613579894878543,0.02742835274331327,0.03393797542422469
stage_specialized_natural,stage_specialized,1,train_001_baseline_2p0pct|train_002_intermittent_3p5pct|train_003_intermittent_late_4p5pct|train_006_multi_hard_6p5pct|train_008_baseline_7p2pct|train_009_intermittent_7p5pct|train_010_intermittent_late_7p8pct|train_011_accelerating_8p0pct|train_012_accelerating_hard_8p2pct|train_013_multi_hard_8p5pct|train_014_multi_hard_2_8p8pct|train_015_baseline_9p0pct|train_016_intermittent_9p5pct|train_018_accelerating_10p5pct|train_019_accelerating_hard_12p0pct|train_020_multi_hard_15p0pct,train_004_accelerating_5p5pct|train_005_accelerating_hard_6p0pct|train_007_multi_hard_2_7p0pct|train_017_intermittent_late_10p0pct,3,0.02532572097789489,0,0,51210,1707,0.026947861745752782,0.3134839000416655,0.781530958883392,0.02057928897292683,0.0966478610054231,0.0040565893461441,0.024417078673650634,0.026947861745752782
stage_specialized_natural,stage_specialized,2,train_001_baseline_2p0pct|train_002_intermittent_3p5pct|train_004_accelerating_5p5pct|train_005_accelerating_hard_6p0pct|train_006_multi_hard_6p5pct|train_007_multi_hard_2_7p0pct|train_009_intermittent_7p5pct|train_010_intermittent_late_7p8pct|train_011_accelerating_8p0pct|train_012_accelerating_hard_8p2pct|train_014_multi_hard_2_8p8pct|train_016_intermittent_9p5pct|train_017_intermittent_late_10p0pct|train_018_accelerating_10p5pct|train_019_accelerating_hard_12p0pct|train_020_multi_hard_15p0pct,train_003_intermittent_late_4p5pct|train_008_baseline_7p2pct|train_013_multi_hard_8p5pct|train_015_baseline_9p0pct,3,0.02680140597539543,0,0,51300,1710,0.021052631578947368,0.25013813217797215,0.7545638911013761,0.01776371640267722,0.08515366444296713,0.0019523199393828902,0.02185256268038235,0.021052631578947368
stage_specialized_natural,stage_specialized,3,train_002_intermittent_3p5pct|train_003_intermittent_late_4p5pct|train_004_accelerating_5p5pct|train_005_accelerating_hard_6p0pct|train_007_multi_hard_2_7p0pct|train_008_baseline_7p2pct|train_009_intermittent_7p5pct|train_011_accelerating_8p0pct|train_012_accelerating_hard_8p2pct|train_013_multi_hard_8p5pct|train_014_multi_hard_2_8p8pct|train_015_baseline_9p0pct|train_016_intermittent_9p5pct|train_017_intermittent_late_10p0pct|train_018_accelerating_10p5pct|train_020_multi_hard_15p0pct,train_001_baseline_2p0pct|train_006_multi_hard_6p5pct|train_010_intermittent_late_7p8pct|train_019_accelerating_hard_12p0pct,3,0.025757354017269134,0,0,51150,1705,0.025219941348973606,0.38156764054767506,0.7886653093778859,0.018315949599602616,0.08716238008354374,0.002364354244305841,0.023723959982729706,0.025219941348973606
stage_specialized_natural,stage_specialized,4,train_001_baseline_2p0pct|train_002_intermittent_3p5pct|train_003_intermittent_late_4p5pct|train_004_accelerating_5p5pct|train_005_accelerating_hard_6p0pct|train_006_multi_hard_6p5pct|train_007_multi_hard_2_7p0pct|train_008_baseline_7p2pct|train_010_intermittent_late_7p8pct|train_011_accelerating_8p0pct|train_013_multi_hard_8p5pct|train_015_baseline_9p0pct|train_016_intermittent_9p5pct|train_017_intermittent_late_10p0pct|train_019_accelerating_hard_12p0pct|train_020_multi_hard_15p0pct,train_009_intermittent_7p5pct|train_012_accelerating_hard_8p2pct|train_014_multi_hard_2_8p8pct|train_018_accelerating_10p5pct,3,0.02678963548528766,0,0,51210,1707,0.0210896309314587,0.3129387683694514,0.8262447174383639,0.016336374268019153,0.0759083699959326,0.005986890156197799,0.026277675377284995,0.0210896309314587
stage_specialized_natural,stage_specialized,5,train_001_baseline_2p0pct|train_003_intermittent_late_4p5pct|train_004_accelerating_5p5pct|train_005_accelerating_hard_6p0pct|train_006_multi_hard_6p5pct|train_007_multi_hard_2_7p0pct|train_008_baseline_7p2pct|train_009_intermittent_7p5pct|train_010_intermittent_late_7p8pct|train_012_accelerating_hard_8p2pct|train_013_multi_hard_8p5pct|train_014_multi_hard_2_8p8pct|train_015_baseline_9p0pct|train_017_intermittent_late_10p0pct|train_018_accelerating_10p5pct|train_019_accelerating_hard_12p0pct,train_002_intermittent_3p5pct|train_011_accelerating_8p0pct|train_016_intermittent_9p5pct|train_020_multi_hard_15p0pct,3,0.0235759261971006,0,0,51270,1709,0.03393797542422469,0.4131380352381302,0.814060589077559,0.024770152963319473,0.10971322052874297,0.010232832209550052,0.02370514321467464,0.03393797542422469
